"","word","freq"
"at the end of the day","at the end of the day",19
"in the middle of the night","in the middle of the night",12
"on the other side of the","on the other side of the",9
"a means for sites to earn","a means for sites to earn",8
"a participant in the amazon services","a participant in the amazon services",8
"advertising and linking to amazoncom amazonca","advertising and linking to amazoncom amazonca",8
"advertising fees by advertising and linking","advertising fees by advertising and linking",8
"amazon eu associates programmes designed to","amazon eu associates programmes designed to",8
"amazon eu this content is provided","amazon eu this content is provided",8
"amazon services llc and amazon eu","amazon services llc and amazon eu",8
"amazon services llc andor amazon eu","amazon services llc andor amazon eu",8
"amazonca amazoncouk amazonde amazonfr amazonit and","amazonca amazoncouk amazonde amazonfr amazonit and",8
"amazoncom amazonca amazoncouk amazonde amazonfr amazonit","amazoncom amazonca amazoncouk amazonde amazonfr amazonit",8
"amazoncouk amazonde amazonfr amazonit and amazones","amazoncouk amazonde amazonfr amazonit and amazones",8
"amazonde amazonfr amazonit and amazones certain","amazonde amazonfr amazonit and amazones certain",8
"amazones certain content that appears on","amazones certain content that appears on",8
"amazonfr amazonit and amazones certain content","amazonfr amazonit and amazones certain content",8
"amazonit and amazones certain content that","amazonit and amazones certain content that",8
"and amazon eu associates programmes designed","and amazon eu associates programmes designed",8
"and amazones certain content that appears","and amazones certain content that appears",8
"and is subject to change or","and is subject to change or",8
"and linking to amazoncom amazonca amazoncouk","and linking to amazoncom amazonca amazoncouk",8
"andor amazon eu this content is","andor amazon eu this content is",8
"appears on this website comes from","appears on this website comes from",8
"associates programmes designed to provide a","associates programmes designed to provide a",8
"by advertising and linking to amazoncom","by advertising and linking to amazoncom",8
"certain content that appears on this","certain content that appears on this",8
"change or removal at any time","change or removal at any time",8
"comes from amazon services llc andor","comes from amazon services llc andor",8
"content is provided e2809cas ise2809d and","content is provided e2809cas ise2809d and",8
"content that appears on this website","content that appears on this website",8
"designed to provide a means for","designed to provide a means for",8
"e2809cas ise2809d and is subject to","e2809cas ise2809d and is subject to",8
"earn advertising fees by advertising and","earn advertising fees by advertising and",8
"eu associates programmes designed to provide","eu associates programmes designed to provide",8
"eu this content is provided e2809cas","eu this content is provided e2809cas",8
"fees by advertising and linking to","fees by advertising and linking to",8
"for sites to earn advertising fees","for sites to earn advertising fees",8
"from amazon services llc andor amazon","from amazon services llc andor amazon",8
"in the amazon services llc and","in the amazon services llc and",8
"is a participant in the amazon","is a participant in the amazon",8
"is provided e2809cas ise2809d and is","is provided e2809cas ise2809d and is",8
"is subject to change or removal","is subject to change or removal",8
"ise2809d and is subject to change","ise2809d and is subject to change",8
"linking to amazoncom amazonca amazoncouk amazonde","linking to amazoncom amazonca amazoncouk amazonde",8
"llc and amazon eu associates programmes","llc and amazon eu associates programmes",8
"llc andor amazon eu this content","llc andor amazon eu this content",8
"means for sites to earn advertising","means for sites to earn advertising",8
"on this website comes from amazon","on this website comes from amazon",8
"participant in the amazon services llc","participant in the amazon services llc",8
"programmes designed to provide a means","programmes designed to provide a means",8
"provide a means for sites to","provide a means for sites to",8
"provided e2809cas ise2809d and is subject","provided e2809cas ise2809d and is subject",8
"services llc and amazon eu associates","services llc and amazon eu associates",8
"services llc andor amazon eu this","services llc andor amazon eu this",8
"sites to earn advertising fees by","sites to earn advertising fees by",8
"subject to change or removal at","subject to change or removal at",8
"that appears on this website comes","that appears on this website comes",8
"the amazon services llc and amazon","the amazon services llc and amazon",8
"this content is provided e2809cas ise2809d","this content is provided e2809cas ise2809d",8
"this website comes from amazon services","this website comes from amazon services",8
"to amazoncom amazonca amazoncouk amazonde amazonfr","to amazoncom amazonca amazoncouk amazonde amazonfr",8
"to change or removal at any","to change or removal at any",8
"to earn advertising fees by advertising","to earn advertising fees by advertising",8
"to provide a means for sites","to provide a means for sites",8
"website comes from amazon services llc","website comes from amazon services llc",8
"at the end of the month","at the end of the month",7
